{
  "project_info": {
    "project_number": "71069081559",
    "firebase_url": "https://fisda-19daa.firebaseio.com",
    "project_id": "fisda-19daa",
    "storage_bucket": "fisda-19daa.appspot.com"
  },
  "client": [
    {
      "client_info": {
        "mobilesdk_app_id": "1:71069081559:android:be7ae0780ae8d64f",
        "android_client_info": {
          "package_name": "com.gwazasoftwares.fisda"
        }
      },
      "oauth_client": [
        {
          "client_id": "71069081559-pjcqd3s37vh18veg1q00rntcfq6kvr7s.apps.googleusercontent.com",
          "client_type": 1,
          "android_info": {
            "package_name": "com.gwazasoftwares.fisda",
            "certificate_hash": "935307ef51bf9d196c9adf4deb6d9bddf1a0415b"
          }
        },
        {
          "client_id": "71069081559-p4vk87p570pq62t2ilngmhnfkln4a61c.apps.googleusercontent.com",
          "client_type": 3
        }
      ],
      "api_key": [
        {
          "current_key": "AIzaSyAWlyGlZls_1HXmk9ywez3i4XmIjRQkCWw"
        }
      ],
      "services": {
        "appinvite_service": {
          "other_platform_oauth_client": [
            {
              "client_id": "71069081559-p4vk87p570pq62t2ilngmhnfkln4a61c.apps.googleusercontent.com",
              "client_type": 3
            }
          ]
        }
      }
    }
  ],
  "configuration_version": "1"
}